policy,episodes,elapsed_s,reward_mean,reward_std,delay_mean,delay_std,drop_rate_mean,drop_rate_std,offload_rate_mean,offload_rate_std,energy_mean,energy_std,model_call_step_ratio_mean,model_call_step_ratio_std,decision_agent_ratio_mean,decision_agent_ratio_std,safety_interrupt_count_mean,safety_interrupt_count_std
temporal_distilled_mappo,2,0.5874997999053448,-155.08687499999996,0.9456249999999216,155.08687500000002,0.9456249999999926,0.20375,0.0037499999999999895,0.785,0.0,1.6870939537137746,0.03371495626866816,0.98,0.0050000000000000044,0.791875,0.009375000000000022,558.0,8.0
local,2,0.1950264999177307,-248.98124999999982,0.33500000000002217,248.98125,0.33499999999999375,0.81125,0.0012499999999999734,0.0,0.0,4.949393367767334,0.0008547496795654475,0.0,0.0,0.0,0.0,0.0,0.0
