policy,reward_mean,reward_std,delay_mean,delay_std,drop_rate_mean,drop_rate_std,offload_rate_mean,offload_rate_std,energy_mean,energy_std,load_name,load_factor,task_min_bits,task_max_bits,avg_task_mbits
mappo,-142.10749999999993,0.0,142.1075,0.0,0.09375,0.0,0.84,0.0,1.1795509465038776,0.0,load_01,0.7,1050000.0,4200000.0,2.625
pruned_p25,-142.73250000000004,0.0,142.7325,0.0,0.09625,0.0,0.8375,0.0,1.2159129621088505,0.0,load_01,0.7,1050000.0,4200000.0,2.625
distilled_p25,-142.10749999999993,0.0,142.1075,0.0,0.09375,0.0,0.84,0.0,1.1795509465038776,0.0,load_01,0.7,1050000.0,4200000.0,2.625
offload,-158.4825,0.0,158.4825,0.0,0.005,0.0,1.0,0.0,0.5911445894837379,0.0,load_01,0.7,1050000.0,4200000.0,2.625
greedy,-166.04750000000004,0.0,166.0475,0.0,0.53625,0.0,0.26,0.0,4.609429045915603,0.0,load_01,0.7,1050000.0,4200000.0,2.625
local,-230.9937500000002,0.0,230.99375,0.0,0.74125,0.0,0.0,0.0,4.948538618087769,0.0,load_01,0.7,1050000.0,4200000.0,2.625
random,-158.20375,0.0,158.20375,0.0,0.3925,0.0,0.46375,0.0,4.321006715297699,0.0,load_01,0.7,1050000.0,4200000.0,2.625
