policy,reward_mean,reward_std,delay_mean,delay_std,drop_rate_mean,drop_rate_std,offload_rate_mean,offload_rate_std,energy_mean,energy_std
mappo,-152.918475,2.2920423246801107,152.918475,2.2920423246801103,0.1997,0.011134293870740072,0.7787999999999999,0.014931008003480536,1.7137967144429682,0.10960752003188472
local,-248.43087499999987,1.2090079675605971,248.43087500000001,1.2090079675605927,0.808875,0.0045637840658821665,0.0,0.0,4.950882939553261,0.004139722490369953
offload,-164.86625,3.4188553000236652,164.86625,3.4188553000236794,0.0654,0.008379439122041523,1.0,0.0,0.5937568387776614,0.008466172524039193
random,-170.711775,1.9061807051339672,170.71177500000002,1.9061807051339597,0.40049999999999997,0.015171931320698757,0.4986,0.018687629598212824,4.048397904443741,0.25794937513922606
greedy,-180.8109,1.3169947095565504,180.81089999999998,1.3169947095565742,0.58465,0.0043877670858877725,0.26572500000000004,0.0015630499032340621,4.5767016502738,0.030997321788100017
